-- phpMyAdmin SQL Dump
-- version 5.2.0
-- https://www.phpmyadmin.net/
--
-- Host: localhost:3306
-- Generation Time: Feb 02, 2025 at 03:32 AM
-- Server version: 8.0.30
-- PHP Version: 8.1.10

SET SQL_MODE = "NO_AUTO_VALUE_ON_ZERO";
START TRANSACTION;
SET time_zone = "+00:00";


/*!40101 SET @OLD_CHARACTER_SET_CLIENT=@@CHARACTER_SET_CLIENT */;
/*!40101 SET @OLD_CHARACTER_SET_RESULTS=@@CHARACTER_SET_RESULTS */;
/*!40101 SET @OLD_COLLATION_CONNECTION=@@COLLATION_CONNECTION */;
/*!40101 SET NAMES utf8mb4 */;

--
-- Database: `ems`
--

-- --------------------------------------------------------

--
-- Table structure for table `attendees`
--

CREATE TABLE `attendees` (
  `attendee_id` bigint UNSIGNED NOT NULL,
  `booking_no` varchar(128) CHARACTER SET utf8mb4 COLLATE utf8mb4_general_ci NOT NULL,
  `event_id` bigint UNSIGNED NOT NULL,
  `user_id` bigint UNSIGNED DEFAULT NULL,
  `name` varchar(128) COLLATE utf8mb4_general_ci NOT NULL,
  `email` varchar(255) COLLATE utf8mb4_general_ci NOT NULL,
  `mobile` varchar(15) COLLATE utf8mb4_general_ci NOT NULL,
  `payment_trnx_no` varchar(128) COLLATE utf8mb4_general_ci DEFAULT NULL,
  `payment_amount` int DEFAULT NULL,
  `payment_account_no` varchar(128) COLLATE utf8mb4_general_ci DEFAULT NULL,
  `registration_time` timestamp NOT NULL DEFAULT CURRENT_TIMESTAMP,
  `status` tinyint NOT NULL DEFAULT '1' COMMENT '0=>cancelled, 1=>registered',
  `cancel_reason` varchar(128) CHARACTER SET utf8mb4 COLLATE utf8mb4_general_ci DEFAULT NULL
) ENGINE=InnoDB DEFAULT CHARSET=utf8mb4 COLLATE=utf8mb4_general_ci;

--
-- Dumping data for table `attendees`
--

INSERT INTO `attendees` (`attendee_id`, `booking_no`, `event_id`, `user_id`, `name`, `email`, `mobile`, `payment_trnx_no`, `payment_amount`, `payment_account_no`, `registration_time`, `status`, `cancel_reason`) VALUES
(1, 'EV10000001', 1, NULL, 'Kamrul Hasan', 'kamrul@gmai.com', '01720000000', '28342723493428', 500, '42345223542355', '2025-01-31 15:03:25', 1, NULL),
(2, 'EV20000001', 2, NULL, 'Kamrul Hasan', 'kamrul@gmai.com', '01720000000', NULL, NULL, NULL, '2025-01-31 15:07:56', 1, NULL),
(3, 'EV20000002', 2, NULL, 'Kamrul Hasan', 'kamrul@gmail.com', '01720000001', NULL, NULL, NULL, '2025-01-31 15:10:25', 1, NULL),
(4, 'EV30000001', 3, NULL, 'Al Helal', 'al-helal@gmail.com', '01737889900', '63485738', 600, '42345223542355', '2025-01-31 15:21:29', 1, NULL),
(5, 'EV30000002', 3, NULL, 'Kawsar Ahmed', 'kawsar@gmail.com', '01645443322', '3745273458990', 600, '298457lskdafj2456', '2025-01-31 15:22:25', 0, 'Test Cancel'),
(6, 'EV10000002', 1, 4, 'Abdur Rahman', 'abdrahman@gmail.com', '01727010101', '28342723493428', 500, '42345223542355', '2025-01-31 17:09:49', 1, NULL),
(7, 'EV30000003', 3, 4, 'Abdur Rahman', 'abdrahman@gmail.com', '01727010101', '28342723493428', 600, '423452235423553', '2025-02-01 01:41:05', 0, NULL),
(8, 'EV50000001', 5, 4, 'Abdur Rahman', 'abdrahman@gmail.com', '01727010101', NULL, NULL, NULL, '2025-02-01 01:41:25', 1, NULL),
(9, 'EV20000003', 2, 4, 'Abdur Rahman', 'abdrahman@gmail.com', '01727010101', NULL, NULL, NULL, '2025-02-01 01:41:34', 1, NULL),
(10, 'EV40000001', 4, 4, 'Abdur Rahman', 'abdrahman@gmail.com', '01727010101', '28342723493428', 1000, '423452235423551', '2025-02-01 01:43:36', 1, NULL),
(11, 'EV50000002', 5, NULL, 'Abu Hasan', 'abu.hasan@gmail.com', '01720112233', NULL, NULL, NULL, '2025-02-02 00:56:00', 1, NULL);

-- --------------------------------------------------------

--
-- Table structure for table `events`
--

CREATE TABLE `events` (
  `event_id` bigint UNSIGNED NOT NULL,
  `name` varchar(255) COLLATE utf8mb4_general_ci NOT NULL,
  `location` varchar(255) CHARACTER SET utf8mb4 COLLATE utf8mb4_general_ci NOT NULL DEFAULT '',
  `google_map_location` varchar(1024) CHARACTER SET utf8mb4 COLLATE utf8mb4_general_ci DEFAULT NULL,
  `description` text CHARACTER SET utf8mb4 COLLATE utf8mb4_general_ci,
  `start_time` datetime DEFAULT NULL,
  `end_time` datetime DEFAULT NULL,
  `max_capacity` int UNSIGNED NOT NULL DEFAULT '0',
  `registration_fee` int NOT NULL DEFAULT '0',
  `current_capacity` int UNSIGNED NOT NULL DEFAULT '0',
  `status` tinyint NOT NULL DEFAULT '0' COMMENT '0=>pending, 1=>published,  2=>blocked',
  `user_id` bigint UNSIGNED NOT NULL COMMENT 'Host id from users table',
  `created_at` timestamp NOT NULL DEFAULT CURRENT_TIMESTAMP,
  `updated_at` timestamp NOT NULL DEFAULT CURRENT_TIMESTAMP
) ENGINE=InnoDB DEFAULT CHARSET=utf8mb4 COLLATE=utf8mb4_general_ci;

--
-- Dumping data for table `events`
--

INSERT INTO `events` (`event_id`, `name`, `location`, `google_map_location`, `description`, `start_time`, `end_time`, `max_capacity`, `registration_fee`, `current_capacity`, `status`, `user_id`, `created_at`, `updated_at`) VALUES
(1, 'Climate Hope Bangladesh 2024', 'BUET, Dhaka, Bangladesh', '&lt;iframe src=&quot;https://www.google.com/maps/embed?pb=!1m18!1m12!1m3!1d3652.5832856970096!2d90.39008467609905!3d23.726570789689337!2m3!1f0!2f0!3f0!3m2!1i1024!2i768!4f13.1!3m3!1m2!1s0x3755b8dd4855f073%3A0x27aa71bcab92ae5a!2sBangladesh%20University%20of%20Engineering%20and%20Technology%20(BUET)!5e0!3m2!1sen!2sbd!4v1738203176669!5m2!1sen!2sbd&quot; width=&quot;600&quot; height=&quot;450&quot; style=&quot;border:0;&quot; allowfullscreen=&quot;&quot; loading=&quot;lazy&quot; referrerpolicy=&quot;no-referrer-when-downgrade&quot;&gt;&lt;/iframe&gt;', '&lt;p&gt;&lt;span style=&quot;font-size: 16px; line-height: 26px; text-transform: none; font-weight: 600; font-family: Open Sans, Helvetica Neue, Helvetica, Arial, sans-serif; color: #2e363f; margin-bottom: 5px; display: inline-block;&quot;&gt;Climate Hope Bangladesh 2024&lt;/span&gt;\r\n						&lt;br&gt;\r\n						&lt;/p&gt;&lt;div class=&quot;event-description-html&quot; id=&quot;event_description&quot;&gt;\r\n							\r\n							      In the face of escalating climate challenges, Bangladesh \r\nstands as a resilient nation grappling with the impacts of climate \r\nchange. The project &quot;Climate Hope Bangladesh 2024&quot; emerges as a beacon \r\nof optimism, designed to address the multifaceted issues arising from \r\nchanging climate patterns and create a sustainable pathway towards a \r\nresilient future.&lt;br&gt;\r\n&lt;br&gt;\r\nBangladesh, with its low-lying geography and dense population, is \r\nparticularly vulnerable to the adverse effects of climate change, \r\nincluding rising sea levels, extreme weather events, and changing \r\nprecipitation patterns. These factors pose severe threats to the \r\ncountry&#039;s agricultural productivity, water resources, and overall \r\nsocio-economic stability. Recognizing the urgency of the situation, \r\n&quot;Climate Hope Bangladesh&quot; strives to empower local communities, foster \r\nadaptation strategies, and promote environmental stewardship.&lt;br&gt;\r\n&lt;br&gt;\r\nтАЬClimate Hope Bangladesh: CHOPE24тАЭ is the largest youth-oriented \r\nclimate-based seminar, along with events associated with our CCAP \r\nprogram in Bangladesh.&lt;br&gt;\r\n&lt;br&gt;\r\nWe are arranging this event to achieve certain goals or objectives. The \r\nmain goal of this event is to encourage students by engaging them with \r\nclimate scholars and international speakers, presenters, climate \r\nactivists, and innovators.&lt;br&gt;\r\n&lt;br&gt;\r\n&lt;br&gt;\r\n&lt;br&gt;\r\nA Project By: GYCM-Global Youth Changemaker&lt;br&gt;\r\n&lt;br&gt;\r\n&lt;br&gt;\r\nProject Name: тАЬClimate Hope Bangladesh: CHOPE24тАЭ&lt;br&gt;\r\n&lt;br&gt;\r\n&lt;br&gt;\r\nProject Aim: Create awareness about climate change by gathering students\r\n and young activists, initiators, inventors, social workers, \r\nmid-researchers, scientists, academia, organizations, and policymakers \r\nall together so that they can share their contributions on a single \r\nplatform. &lt;br&gt;\r\n&lt;br&gt;\r\n&lt;br&gt;\r\nЁЯЧУя╕П Date: 1st and 2nd November, 2024&lt;br&gt;\r\n&lt;br&gt;\r\n&lt;br&gt;\r\nтМЦ Venue: Bangladesh University of Engineering And Technology, BUET&lt;br&gt;\r\n&lt;br&gt;\r\n&lt;br&gt;\r\n&lt;br&gt;\r\nтд╡ Categories:&lt;br&gt;\r\n&lt;br&gt;\r\n&lt;br&gt;\r\nPrimary: Class 01-05 (pre-primary included)&lt;br&gt;\r\n&lt;br&gt;\r\nJunior: 06тАУ08&lt;br&gt;\r\n&lt;br&gt;\r\nSecondary: 09тАУ10&lt;br&gt;\r\n&lt;br&gt;\r\nHigher Secondary: Class 11тАУ12&lt;br&gt;\r\n&lt;br&gt;\r\nSenior: Undergraduate and Graduation Level&lt;br&gt;\r\n&lt;br&gt;\r\n&lt;br&gt;\r\nOur event will be conducted in two parts&lt;br&gt;\r\n&lt;br&gt;\r\n1. Seminar&lt;br&gt;\r\n&lt;br&gt;\r\n2. Event or Competition &lt;br&gt;\r\n&lt;br&gt;\r\n&lt;br&gt;\r\nтЪС Segments:&lt;br&gt;\r\n&lt;br&gt;\r\n&lt;br&gt;\r\nSeminar: Climate Hope Bangladesh: CHOPE24 Conference &lt;br&gt;\r\n&lt;br&gt;\r\n&lt;br&gt;\r\nIndividual Events:&lt;br&gt;\r\n&lt;br&gt;\r\n1. Climate Science Olympiad Online and Offline&lt;br&gt;\r\n&lt;br&gt;\r\n2. Climate Conservation Photography Contests&lt;br&gt;\r\n&lt;br&gt;\r\n3. Climate Drawing Competition&lt;br&gt;\r\n&lt;br&gt;\r\n4. Scrapbook&lt;br&gt;\r\n&lt;br&gt;\r\n5. Climate Crossword&lt;br&gt;\r\n&lt;br&gt;\r\n6. Climate Speech&lt;br&gt;\r\n&lt;br&gt;\r\n7. Essay Competition &lt;br&gt;\r\n&lt;br&gt;\r\n8. Climate Quiz&lt;br&gt;\r\n&lt;br&gt;\r\n&lt;br&gt;\r\nTeam Events:&lt;br&gt;\r\n&lt;br&gt;\r\n1. Wall Magazine &lt;br&gt;\r\n&lt;br&gt;\r\n2. Climate Resilience Project Display&lt;br&gt;\r\n&lt;br&gt;\r\n3. Climate Hackathon&lt;br&gt;\r\n&lt;br&gt;\r\n4. Power Point Presentation &lt;br&gt;\r\n&lt;br&gt;\r\n5. Case Study Competition &lt;br&gt;\r\n&lt;br&gt;\r\n&lt;br&gt;\r\nSpecial Segment: &lt;br&gt;\r\n&lt;br&gt;\r\nNational Climate Science Olympiad 2024 (Online)&lt;br&gt;\r\n&lt;br&gt;\r\n&lt;br&gt;\r\n&lt;br&gt;\r\nЁЯТ▓Total Prize Pool: 1,00,000 BDT&lt;br&gt;\r\n&lt;br&gt;\r\n&lt;br&gt;\r\nЁЯФЧ Registration Link:  &lt;br&gt;\r\n&lt;br&gt;\r\n&lt;br&gt;\r\nтП│Registration deadline: 28 October, 2024&lt;br&gt;\r\n&lt;br&gt;\r\n&lt;br&gt;\r\n&lt;br&gt;\r\nЁЯТ╕ Registration Fee: &lt;br&gt;\r\n&lt;br&gt;\r\n&lt;br&gt;\r\nЁЯМ┐ Climate Hope Bangladesh: CHOPE24 &lt;br&gt;\r\n&lt;br&gt;\r\n&lt;br&gt;\r\nConference Fee: 550 BDT&lt;br&gt;\r\n&lt;br&gt;\r\nЁЯУж Includes: 2-day meal, t-shirt, pen, notepad, goodie bag, snacks and unlimited tea&lt;br&gt;\r\n&lt;br&gt;\r\n&lt;br&gt;\r\nEvent Fee: 350 BDT &lt;br&gt;\r\n&lt;br&gt;\r\nAll the events together (14 Segments)&lt;br&gt;\r\n&lt;br&gt;\r\n(T-shir and snacks may be provided)&lt;br&gt;\r\n&lt;br&gt;\r\n&lt;br&gt;\r\nConference along with all the events fee: 750 BDT only&lt;br&gt;\r\n&lt;br&gt;\r\n&lt;br&gt;\r\nNational Climate Science Olympiad (Online) Fee: 100 BDT&lt;br&gt;\r\n&lt;br&gt;\r\n&lt;br&gt;\r\n&lt;br&gt;\r\nEvent Descriptions: Will be posted on Event Discussion.&lt;br&gt;\r\n&lt;br&gt;\r\nAbout Team Registration:&lt;br&gt;\r\nAll the team members must register individually.&lt;br&gt;\r\nAfter Registering they have to complete the following Team Registration form.&lt;br&gt;\r\n&lt;br&gt;\r\nTeam Registration Link:  &lt;br&gt;\r\n&lt;br&gt;\r\nA team can consist of a maximum of five members. But maximum 3 \r\nparticipants can participate at a time in a segment. Team members can be\r\n substituted in round based segments. A participant can not register in \r\nmultiple teams.&lt;br&gt;\r\n&lt;br&gt;\r\nЁЯФ┤ Special_Note&lt;br&gt;\r\n&lt;br&gt;\r\n1. The event registration fee is non-refundable.&lt;br&gt;\r\n&lt;br&gt;\r\n2. Global Youth Changemaker reserves the right to make changes to the \r\nschedule, format, or any other aspect of the event. Participants will be\r\n informed of any modifications in a timely manner.&lt;br&gt;\r\n&lt;br&gt;\r\n3. The event organizers reserve the right to cancel the event due to \r\nunforeseen circumstances. In such cases, participants will be informed, \r\nand reasonable efforts will be made to provide alternatives or refunds.&lt;br&gt;\r\n&lt;br&gt;\r\n&lt;br&gt;\r\n&lt;br&gt;\r\nЁЯУЮ Contact&lt;br&gt;\r\n&lt;br&gt;\r\n&lt;br&gt;\r\n1. Safkat Tasin&lt;br&gt;\r\n&lt;br&gt;\r\nPublic Relations and Operations Team&lt;br&gt;\r\n&lt;br&gt;\r\nGYCM - Global Youth Changemaker&lt;br&gt;\r\n&lt;br&gt;\r\nContact : 01595640628&lt;br&gt;\r\n&lt;br&gt;\r\nFacebook Id :  &lt;a rel=&quot;nofollow noopener noreferrer&quot; class=&quot;extl track&quot; data-track=&quot;EventPage|clicks-external|200027176416750&quot; data-ehref=&quot;https://www.facebook.com/tnihal.tasin&quot; href=&quot;https://www.facebook.com/tnihal.tasin&quot; target=&quot;_blank&quot;&gt;https://www.facebook.com/tnihal.tasin&lt;/a&gt;&lt;br&gt;\r\n&lt;br&gt;\r\n&lt;br&gt;\r\n2. Roni Molla&lt;br&gt;\r\n&lt;br&gt;\r\nAssistant General Secretary,&lt;br&gt;\r\n&lt;br&gt;\r\nEnvironment Watch: BUET&lt;br&gt;\r\n&lt;br&gt;\r\nContact : 01721221948&lt;br&gt;\r\n&lt;br&gt;\r\nfacebook Id :  &lt;a rel=&quot;nofollow noopener noreferrer&quot; class=&quot;extl track&quot; data-track=&quot;EventPage|clicks-external|200027176416750&quot; data-ehref=&quot;https://www.facebook.com/share/JUjeiU6tW6nViRLa/?mibextid=LQQJ4d&quot; href=&quot;https://www.facebook.com/share/JUjeiU6tW6nViRLa/?mibextid=LQQJ4d&quot; target=&quot;_blank&quot;&gt;https://www.facebook.com/share/JUjeiU6tW6nViRLa/?mibextid=LQQJ4d&lt;/a&gt;&lt;br&gt;\r\n&lt;br&gt;\r\n&lt;br&gt;\r\n3. Abdullah Al Mohtasim&lt;br&gt;\r\n&lt;br&gt;\r\nVice President,&lt;br&gt;\r\n&lt;br&gt;\r\nEnvironment Watch: BUET&lt;br&gt;\r\n&lt;br&gt;\r\nContact : 01760009278&lt;br&gt;\r\n&lt;br&gt;\r\nfacebook Id :  &lt;a rel=&quot;nofollow noopener noreferrer&quot; class=&quot;extl track&quot; data-track=&quot;EventPage|clicks-external|200027176416750&quot; data-ehref=&quot;https://www.facebook.com/share/j5vZn3HBNduv4F4C/?mibextid=LQQJ4d&quot; href=&quot;https://www.facebook.com/share/j5vZn3HBNduv4F4C/?mibextid=LQQJ4d&quot; target=&quot;_blank&quot;&gt;https://www.facebook.com/share/j5vZn3HBNduv4F4C/?mibextid=LQQJ4d&lt;/a&gt;&lt;br&gt;\r\n&lt;br&gt;\r\n&lt;br&gt;\r\n&lt;br&gt;\r\n&lt;br&gt;\r\n&lt;br&gt;\r\n&lt;br&gt;\r\nOur social media:&lt;br&gt;\r\n&lt;br&gt;\r\n&lt;br&gt;\r\nFacebook Page: &lt;br&gt;\r\n &lt;a rel=&quot;nofollow noopener noreferrer&quot; class=&quot;extl track&quot; data-track=&quot;EventPage|clicks-external|200027176416750&quot; data-ehref=&quot;https://www.facebook.com/globalyouthchangemaker&quot; href=&quot;https://www.facebook.com/globalyouthchangemaker&quot; target=&quot;_blank&quot;&gt;https://www.facebook.com/globalyouthchangemaker&lt;/a&gt;&lt;br&gt;\r\n&lt;br&gt;\r\nWebsite:  &lt;a rel=&quot;nofollow noopener noreferrer&quot; class=&quot;extl track&quot; data-track=&quot;EventPage|clicks-external|200027176416750&quot; data-ehref=&quot;https://www.globalyouthchangemaker.org&quot; href=&quot;https://www.globalyouthchangemaker.org&quot; target=&quot;_blank&quot;&gt;https://www.globalyouthchangemaker.org&lt;/a&gt; &lt;br&gt;\r\n&lt;br&gt;\r\nOfficial E-mail: &lt;span class=&quot;&quot;&gt;&lt;a href=&quot;https://allevents.in/dhaka/climate-hope-bangladesh-2024/200027176416750#&quot;&gt;globalyouthchangemaker@gmail.com&lt;/a&gt;&lt;/span&gt;						&lt;/div&gt;\r\n\r\n						&lt;p&gt;\r\n												&lt;/p&gt;\r\n													&lt;p&gt;\r\n								&lt;br&gt;&lt;br&gt;Also check out other &lt;a style=&quot;color:#565c68&quot; href=&quot;https://allevents.in/dhaka/workshops?ref=ep_desc_also&quot; title=&quot;Dhaka Seminars &amp;amp; Workshops | Motivational, Business &amp;amp; Training Workshops in Dhaka&quot;&gt;Workshops in Dhaka&lt;/a&gt;, &lt;a style=&quot;color:#565c68&quot; href=&quot;https://allevents.in/dhaka/business?ref=ep_desc_also&quot; title=&quot;Business &amp;amp; Networking Events Dhaka, Upcoming Startup &amp;amp; Corporate Events Dhaka&quot;&gt;Business events in Dhaka&lt;/a&gt;, &lt;a style=&quot;color:#565c68&quot; href=&quot;https://allevents.in/dhaka/conferences?ref=ep_desc_also&quot; title=&quot;Conferences in Dhaka [YEAR] | Summits in Dhaka&quot;&gt;Conferences in Dhaka&lt;/a&gt;.							&lt;/p&gt;', '2025-02-11 10:00:00', '2025-02-13 17:00:00', 500, 500, 498, 1, 12, '2025-01-29 20:14:59', '2025-01-29 20:15:20'),
(2, 'Bangladesh International Marathon 2025', 'Hatirjheel, Dhaka, Bangladesh', '&lt;iframe src=&quot;https://www.google.com/maps/embed?pb=!1m18!1m12!1m3!1d3651.396547038646!2d90.41777418693145!3d23.768889433051076!2m3!1f0!2f0!3f0!3m2!1i1024!2i768!4f13.1!3m3!1m2!1s0x3755c78f4daff4a5%3A0xa5174fef19148a25!2sHatirjheel%20Bridge%2C%20Hatir%20Jheel%20Link%20Rd%2C%20Dhaka%201212!5e0!3m2!1sen!2sbd!4v1738203492262!5m2!1sen!2sbd&quot; width=&quot;600&quot; height=&quot;450&quot; style=&quot;border:0;&quot; allowfullscreen=&quot;&quot; loading=&quot;lazy&quot; referrerpolicy=&quot;no-referrer-when-downgrade&quot;&gt;&lt;/iframe&gt;', '&lt;p&gt;International marathon run event at Bangladesh, organised by &quot;LIMELIGHT SPORTS&quot;.&lt;br&gt;\r\nRun for a good health &amp;amp; enjoy the beauty of Bangladesh by joining this mega event.&lt;br&gt;\r\nAny male &amp;amp; female person from around the world can participate in this mega event.&lt;/p&gt;', '2025-03-05 08:00:00', NULL, 0, 0, 0, 1, 13, '2025-01-29 20:20:04', '2025-02-01 20:06:07'),
(3, 'BYLC Running with Purpose 2025', 'Hatirjheel - рж╣рж╛рждрж┐рж░ржЭрж┐рж▓, Dhaka, Bangladesh', '&lt;iframe src=&quot;https://www.google.com/maps/embed?pb=!1m18!1m12!1m3!1d3651.396547038646!2d90.41777418693145!3d23.768889433051076!2m3!1f0!2f0!3f0!3m2!1i1024!2i768!4f13.1!3m3!1m2!1s0x3755c78f4daff4a5%3A0xa5174fef19148a25!2sHatirjheel%20Bridge%2C%20Hatir%20Jheel%20Link%20Rd%2C%20Dhaka%201212!5e0!3m2!1sen!2sbd!4v1738203492262!5m2!1sen!2sbd&quot; width=&quot;600&quot; height=&quot;450&quot; style=&quot;border:0;&quot; allowfullscreen=&quot;&quot; loading=&quot;lazy&quot; referrerpolicy=&quot;no-referrer-when-downgrade&quot;&gt;&lt;/iframe&gt;', '&lt;p&gt;\r\n							\r\n							      At BYLC, we believe that personal well-being is \r\nfoundational to impactful leadership. Beyond growing leadership skills \r\nand career readiness, we champion the pursuit of healthy living as a \r\ncornerstone of personal and collective transformation.&lt;br&gt;\r\n&lt;br&gt;\r\nSince its inception in 2018, the BYLC Run has been a platform for youth \r\nand communities to unite for meaningful causes. This year, we are \r\nexcited to introduce the 7.5K ЁЭРБЁЭРШЁЭРЛЁЭРВ ЁЭРСЁЭРоЁЭРзЁЭРзЁЭРвЁЭРзЁЭРа ЁЭР░ЁЭРвЁЭРнЁЭРб \r\nЁЭРПЁЭРоЁЭРлЁЭРйЁЭРиЁЭРмЁЭРЮ ЁЭЯРЁЭЯОЁЭЯРЁЭЯУ, centered around the theme &quot;ЁЭРУЁЭРлЁЭРЪЁЭРзЁЭРмЁЭРЯЁЭРиЁЭРлЁЭРж \r\nЁЭРШЁЭРиЁЭРоЁЭРл ЁЭРЗЁЭРЮЁЭРЪЁЭРеЁЭРнЁЭРб, ЁЭРУЁЭРлЁЭРЪЁЭРзЁЭРмЁЭРЯЁЭРиЁЭРлЁЭРж ЁЭРБЁЭРЪЁЭРзЁЭРаЁЭРеЁЭРЪЁЭРЭЁЭРЮЁЭРмЁЭРб.&quot;&lt;br&gt;\r\n&lt;br&gt;\r\nBangladesh is on a journey of remarkable progress, but the growing \r\nprevalence of lifestyle-related health issues threatens to undermine its\r\n potential. By addressing these challenges, we can unlock a healthier, \r\nmore resilient nation. With a focus on Sustainable Development Goal \r\n(SDG) 3тАФGood Health and Well-beingтАФthis yearтАЩs event emphasizes the \r\nconnection between individual health and the nationтАЩs prosperity.&lt;br&gt;\r\n&lt;br&gt;\r\nThrough this initiative, we aim to inspire citizens to prioritize \r\nfitness, adopt healthier habits, and recognize their role in building a \r\nhealthier Bangladesh. Together, letтАЩs take strides toward a healthier \r\nfutureтАФbecause when we transform our health, we transform our nation.&lt;br&gt;\r\n&lt;br&gt;\r\nJoin us on this purposeful journey as we run for a healthier you and a healthier Bangladesh!&lt;br&gt;\r\n__________________________________&lt;br&gt;\r\n&lt;br&gt;\r\nЁЭРХЁЭРЮЁЭРзЁЭРоЁЭРЮ: ЁЭРЗЁЭРЪЁЭРнЁЭРвЁЭРлЁЭРгЁЭРбЁЭРЮЁЭРЮЁЭРе, ЁЭРГЁЭРбЁЭРЪЁЭРдЁЭРЪ&lt;br&gt;\r\n&lt;br&gt;\r\nЁЭРГЁЭРЪЁЭРнЁЭРЮ: ЁЭРТЁЭРЪЁЭРнЁЭРоЁЭРлЁЭРЭЁЭРЪЁЭР▓, ЁЭРЕЁЭРЮЁЭРЫЁЭРлЁЭРоЁЭРЪЁЭРлЁЭР▓ ЁЭЯЦ, ЁЭЯРЁЭЯОЁЭЯРЁЭЯУ&lt;br&gt;\r\n&lt;br&gt;\r\nЁЭРУЁЭРвЁЭРжЁЭРЮ: ЁЭЯУ:ЁЭЯСЁЭЯО ЁЭРЪЁЭРж тАУ ЁЭЯХ:ЁЭЯТЁЭЯУ ЁЭРЪЁЭРж&lt;br&gt;\r\n&lt;br&gt;\r\nЁЭРГЁЭРвЁЭРмЁЭРнЁЭРЪЁЭРзЁЭРЬЁЭРЮ: ЁЭЯХ.ЁЭЯУЁЭРК&lt;br&gt;\r\n__________________________________&lt;br&gt;\r\n&lt;br&gt;\r\nЁЭРСЁЭРЮЁЭРаЁЭРвЁЭРмЁЭРнЁЭРлЁЭРЪЁЭРнЁЭРвЁЭРиЁЭРз ЁЭРиЁЭРйЁЭРЮЁЭРзЁЭРм ЁЭРЪЁЭРн ЁЭЯЧ ЁЭРйЁЭРж ЁЭРиЁЭРз ЁЭРУЁЭРоЁЭРЮЁЭРмЁЭРЭЁЭРЪЁЭР▓, ЁЭРГЁЭРЮЁЭРЬЁЭРЮЁЭРжЁЭРЫЁЭРЮЁЭРл ЁЭЯРЁЭЯТ, ЁЭЯРЁЭЯОЁЭЯРЁЭЯТ  &lt;br&gt;\r\n&lt;br&gt;\r\nЁЭРСЁЭРЮЁЭРаЁЭРвЁЭРмЁЭРнЁЭРлЁЭРЪЁЭРнЁЭРвЁЭРиЁЭРз ЁЭРЯЁЭРЮЁЭРЮ: ЁЭРБЁЭРГЁЭРУ ЁЭЯФЁЭЯОЁЭЯО&lt;br&gt;\r\n&lt;br&gt;\r\nЁЭРСЁЭРЮЁЭРаЁЭРвЁЭРмЁЭРнЁЭРлЁЭРЪЁЭРнЁЭРвЁЭРиЁЭРз ЁЭРЭЁЭРЮЁЭРЪЁЭРЭЁЭРеЁЭРвЁЭРзЁЭРЮ: Please note that we will \r\nclose registration once the first 600 runners have registered, so we \r\nencourage early registration&lt;br&gt;\r\n__________________________________&lt;br&gt;\r\n&lt;br&gt;\r\nЁЭРАЁЭР░ЁЭРЪЁЭРлЁЭРЭЁЭРм&lt;br&gt;\r\n&lt;br&gt;\r\nтАв Medal&lt;br&gt;\r\n&lt;br&gt;\r\nтАв Certificate of Participation&lt;br&gt;\r\n&lt;br&gt;\r\nIn addition, awards in the following categories will be presented:&lt;br&gt;\r\n&lt;br&gt;\r\nЁЭРЕЁЭРЪЁЭРмЁЭРнЁЭРЮЁЭРмЁЭРн ЁЭРСЁЭРоЁЭРзЁЭРзЁЭРЮЁЭРл: 1st prize, 2nd prize, and 3rd prize&lt;br&gt;\r\n&lt;br&gt;\r\nЁЭРФЁЭРзЁЭРЭЁЭРЮЁЭРл ЁЭЯПЁЭЯУ: 1st prize&lt;br&gt;\r\n&lt;br&gt;\r\nЁЭРОЁЭРпЁЭРЮЁЭРл ЁЭЯУЁЭЯО: 1st prize&lt;br&gt;\r\n__________________________________&lt;br&gt;\r\n&lt;br&gt;\r\nЁЭРСЁЭРоЁЭРеЁЭРЮЁЭРм ЁЭРЪЁЭРзЁЭРЭ ЁЭРлЁЭРЮЁЭРаЁЭРоЁЭРеЁЭРЪЁЭРнЁЭРвЁЭРиЁЭРзЁЭРм&lt;br&gt;\r\n&lt;br&gt;\r\nтАв Only the registered runners will be allowed to participate in the run on February 8, 2025&lt;br&gt;\r\n&lt;br&gt;\r\nтАв Anyone physically fit and able to run 7.5 kilometers, regardless of age, gender, or nationality, can register for the run&lt;br&gt;\r\n&lt;br&gt;\r\nтАв Runners must report at the venue by 5 am&lt;br&gt;\r\n&lt;br&gt;\r\nтАв The cut-off time to complete the run is 75 minutes&lt;br&gt;\r\n&lt;br&gt;\r\nтАв Only those runners who complete the run within 75 minutes will get a medal along with the e-certificate&lt;br&gt;\r\n&lt;br&gt;\r\nWhether you&#039;re a seasoned runner or a casual walker, join BYLC&#039;s annual \r\nRun with Purpose and make a difference! Enjoy a city filled with life, \r\ngreenery, and fresh air, embrace a healthier lifestyle, and advocate for\r\n a prosperous future&lt;/p&gt;', '2025-02-20 07:30:00', NULL, 0, 600, 0, 2, 14, '2025-01-29 20:27:57', '2025-02-01 20:10:39'),
(4, 'DHAKA INTERNATIONAL MARATHON 2025', '300 Feet, Purbachal, Dhaka, Bangladesh', '&lt;iframe src=&quot;https://www.google.com/maps/embed?pb=!1m18!1m12!1m3!1d3649.1739946151033!2d90.47877277610152!3d23.847954485022697!2m3!1f0!2f0!3f0!3m2!1i1024!2i768!4f13.1!3m3!1m2!1s0x3755c980ba2ef0bf%3A0x6bc8aa8f3fe01802!2sThe%20Pizza%20Studio%20-%20Purbachal%2C%20300%20feet!5e0!3m2!1sen!2sbd!4v1738204260609!5m2!1sen!2sbd&quot; width=&quot;600&quot; height=&quot;450&quot; style=&quot;border:0;&quot; allowfullscreen=&quot;&quot; loading=&quot;lazy&quot; referrerpolicy=&quot;no-referrer-when-downgrade&quot;&gt;&lt;/iframe&gt;', '&lt;p&gt;DHAKA INTERNATIONAL MARATHON 2025 is an inaugural Marathon Race by \r\nBangladesh Army  with a view to engage students, youths, veterans and \r\nall classes of people in active and healthy lifestyle! Bangladesh Army \r\nhas been organizing large scale Marathon races since 2021. Over the \r\nyears, the races organized by this prestigious institution has \r\nsignificantly impacted the society and thousand lives to remain active, \r\npositive and agile to drive the society to a sustainable future. \r\nBangladesh Army is organizing the DHAKA INTERNATIONAL MARATHON for the \r\nfirst time- exploiting itтАЩs years long expertise, skill and experience. \r\n Your running track will be consisting of well-connected road network \r\nwith the variation of multiple bridges at Purbachal 300 ft Highway. &lt;br&gt;\r\n&lt;br&gt;\r\nThis is an AIMS (Association of International Marathons and Distance Races) certified race. &lt;br&gt;\r\n&lt;br&gt;\r\nMarathon (42.2 KM)&lt;br&gt;\r\n&lt;br&gt;\r\nHalf Marathon (21.1 KM)&lt;br&gt;\r\n&lt;br&gt;\r\n10 KM Run&lt;br&gt;\r\n&lt;br&gt;\r\n10K Veteran Category (50 yrs and above)&lt;br&gt;\r\n&lt;br&gt;\r\n10K First Timers&lt;/p&gt;', '2025-04-02 06:30:00', NULL, 0, 1000, 0, 1, 15, '2025-01-29 20:31:59', '2025-01-29 20:32:04'),
(5, 'Zero Olympiad with Faatiha Aayat - Grand Finale', 'BIAM Foundation, Dhaka, Bangladesh', '&lt;iframe src=&quot;https://www.google.com/maps/embed?pb=!1m18!1m12!1m3!1d3651.96490731626!2d90.3940795760995!3d23.748630788842906!2m3!1f0!2f0!3f0!3m2!1i1024!2i768!4f13.1!3m3!1m2!1s0x3755b8971a7ecbb1%3A0x58a9fd3f6a32672c!2sBIAM%20Foundation!5e0!3m2!1sen!2sbd!4v1738204454915!5m2!1sen!2sbd&quot; width=&quot;600&quot; height=&quot;450&quot; style=&quot;border:0;&quot; allowfullscreen=&quot;&quot; loading=&quot;lazy&quot; referrerpolicy=&quot;no-referrer-when-downgrade&quot;&gt;&lt;/iframe&gt;', '&lt;div class=&quot;event-description-html&quot; id=&quot;event_description&quot;&gt;\r\n							\r\n							      ржЬрж┐рж░рзЛ ржЕрж▓рж┐ржорзНржкрж┐рзЯрж╛ржб: ржПржХржЯрж┐ ржирждрзБржи ржжрж┐ржЧржирзНрждрзЗрж░ рж╕рзВржЪржирж╛&lt;br&gt;\r\n&lt;br&gt;\r\nржмрж┐рж╢рзНржмржмрзНржпрж╛ржкрзА рж╕ржорж╕рзНржпрж╛ ржорзЛржХрж╛ржмрж┐рж▓рж╛рзЯ рждрж░рзБржг ржкрзНрж░ржЬржирзНржоржХрзЗ ржЕржирзБржкрзНрж░рж╛ржгрж┐ржд ржУ рж╕ржХрзНрж░рж┐рзЯ ржХрж░рж╛рж░ \r\nрж▓ржХрзНрж╖рзНржпрзЗ рж╢рзБрж░рзБ рж╣ржУрзЯрж╛ ржЬрж┐рж░рзЛ ржЕрж▓рж┐ржорзНржкрж┐рзЯрж╛ржб ржПржХржЯрж┐ ржпрзБржЧрж╛ржирзНрждржХрж╛рж░рзА ржЙржжрзНржпрзЛржЧред ржлрж╛рждрж┐рж╣рж╛ ржЖрзЯрж╛рждрзЗрж░\r\n ржирзЗрждрзГрждрзНржмрзЗ ржПржЗ ржЕрж▓рж┐ржорзНржкрж┐рзЯрж╛ржб рждрж░рзБржгржжрзЗрж░ ржоржзрзНржпрзЗ рж╕ржЪрзЗрждржирждрж╛ ржмрзГржжрзНржзрж┐, ржирзЗрждрзГрждрзНржмрзЗрж░ ржжржХрзНрж╖рждрж╛ \r\nржмрж┐ржХрж╛рж╢ ржПржмржВ ржЬрж╛рждрж┐рж╕ржВржШрзЗрж░ ржЯрзЗржХрж╕ржЗ ржЙржирзНржирзЯржи рж▓ржХрзНрж╖рзНржпржорж╛рждрзНрж░рж╛ (SDG) ржЕрж░рзНржЬржирзЗ рждрж╛ржжрзЗрж░ \r\nрж╕ржорзНржкрзГржХрзНржд ржХрж░рждрзЗ ржХрж╛ржЬ ржХрж░ржЫрзЗред ржЬрж┐рж░рзЛ ржЕрж▓рж┐ржорзНржкрж┐рзЯрж╛ржб ржПржХржЯрж┐ ржкрзНрж▓рзНржпрж╛ржЯржлрж░рзНржо ржпрзЗржЦрж╛ржирзЗ \r\nржЕржВрж╢ржЧрзНрж░рж╣ржгржХрж╛рж░рзАрж░рж╛ ржирж┐ржЬ ржирж┐ржЬ ржЪрж┐ржирзНрждрж╛ржнрж╛ржмржирж╛ ржУ рж╕ржорж╛ржзрж╛ржирзЗрж░ ржорж╛ржзрзНржпржорзЗ рж╕ржорж╛ржЬрзЗрж░ ржмрж┐ржнрж┐ржирзНржи \r\nрж╕ржорж╕рзНржпрж╛рж░ ржХрж╛рж░рзНржпржХрж░ рж╕ржорж╛ржзрж╛ржи ржЦрзБржБржЬрзЗ ржмрзЗрж░ ржХрж░рждрзЗ ржЙржжрзНржмрзБржжрзНржз рж╣рзЯред&lt;br&gt;\r\n&lt;br&gt;\r\nржЬрж┐рж░рзЛ ржЕрж▓рж┐ржорзНржкрж┐рзЯрж╛ржб ржХрзА?&lt;br&gt;\r\n&lt;br&gt;\r\nржЬрж┐рж░рзЛ ржЕрж▓рж┐ржорзНржкрж┐рзЯрж╛ржб рж╣рж▓ ржПржХржЯрж┐ ржмрзИрж╢рзНржмрж┐ржХ ржкрзНрж░рждрж┐ржпрзЛржЧрж┐рждрж╛, ржпрж╛рж░ ржЙржжрзНржжрзЗрж╢рзНржп рж╣рж▓ ржПржоржи ржПржХржЯрж┐ \r\nржкрзГржерж┐ржмрзА ржЧрзЬрж╛ ржпрзЗржЦрж╛ржирзЗ рж╢рзВржирзНржп ржжрж╛рж░рж┐ржжрзНрж░рзНржп, рж╢рзВржирзНржп ржХрзНрж╖рзБржзрж╛, рж╢рзВржирзНржп ржмрзИрж╖ржорзНржп, рж╢рзВржирзНржп \r\nржХрж╛рж░рзНржмржи ржирж┐ржГрж╕рж░ржг ржПржнрж╛ржмрзЗ ржЬрж╛рждрж┐рж╕ржВржШрзЗрж░ рззрзнржЯрж┐ ржЯрзЗржХрж╕ржЗ ржЙржирзНржирзЯржи рж▓ржХрзНрж╖рзНржпржорж╛рждрзНрж░рж╛ржХрзЗ (SDGs) \r\nржЕрж░рзНржЬржирзЗрж░ ржЬржирзНржп ржПрж░ рж╕рж╛ржерзЗ рж╕ржорзНржкрж░рзНржХрж┐ржд ржЛржгрж╛рждрзНржмржХ ржмрж┐рж╖рзЯржЧрзБрж▓рзЛржХрзЗ ржкрзГржерж┐ржмрзА ржерзЗржХрзЗ  ржирж┐рж░рзНржорзВрж▓ \r\nржХрж░рж╛рж░ ржЬржирзНржп рждрж░рзБржг ржкрзНрж░ржЬржирзНржоржХрзЗ ржЙржжрзНржмрзБржжрзНржз ржХрж░рж╛ рж╣рзЯред&lt;br&gt;\r\n&lt;br&gt;\r\nржПржЗ ржЕрж▓рж┐ржорзНржкрж┐рзЯрж╛ржбрзЗ ржЕржВрж╢ржЧрзНрж░рж╣ржгржХрж╛рж░рзАрж░рж╛ ржмрж┐ржнрж┐ржирзНржи ржХрж╛рж░рзНржпржХрзНрж░ржорзЗрж░ ржорж╛ржзрзНржпржорзЗ рж╕рж╛ржорж╛ржЬрж┐ржХ, \r\nржЕрж░рзНржержирзИрждрж┐ржХ ржПржмржВ ржкрж░рж┐ржмрзЗрж╢ржЧржд рж╕ржорж╕рзНржпрж╛рж░ рж╕ржорж╛ржзрж╛ржирзЗ рждрж╛ржжрзЗрж░ ржзрж╛рж░ржгрж╛ ржУ ржкрж░рж┐ржХрж▓рзНржкржирж╛ ржЙржкрж╕рзНржерж╛ржкржи \r\nржХрж░рзЗред ржПржЯрж┐ рждрж░рзБржгржжрзЗрж░ ржоржзрзНржпрзЗ ржжрж▓ржЧржд ржХрж╛ржЬрзЗрж░ ржжржХрзНрж╖рждрж╛, рж╕ржорж╕рзНржпрж╛ рж╕ржорж╛ржзрж╛ржирзЗрж░ ржХрзНрж╖ржорждрж╛ ржПржмржВ \r\nржирзЗрждрзГрждрзНржмрзЗрж░ ржЧрзБржгрж╛ржмрж▓рж┐ ржмрж┐ржХрж╛рж╢рзЗ рж╕рж╣рж╛рзЯрждрж╛ ржХрж░рзЗред&lt;br&gt;\r\n&lt;br&gt;\r\nржЬрж┐рж░рзЛ ржЕрж▓рж┐ржорзНржкрж┐рзЯрж╛ржбрзЗрж░ ржкрзНрж░рзЯрзЛржЬржирзАрзЯрждрж╛:&lt;br&gt;\r\n&lt;br&gt;\r\nржмрж┐рж╢рзНржмржмрзНржпрж╛ржкрзА ржмрж┐ржнрж┐ржирзНржи рж╕ржорж╕рзНржпрж╛, ржпрзЗржоржи ржжрж╛рж░рж┐ржжрзНрж░рзНржп, ржХрзНрж╖рзБржзрж╛, ржмрзИрж╖ржорзНржп, ржПржмржВ ржкрж░рж┐ржмрзЗрж╢ \r\nржжрзВрж╖ржг ржорзЛржХрж╛ржмрж┐рж▓рж╛рзЯ рждрж░рзБржгржжрзЗрж░ рж╕ржХрзНрж░рж┐рзЯ ржЕржВрж╢ржЧрзНрж░рж╣ржг ржЕрждрзНржпржирзНржд ржЧрзБрж░рзБрждрзНржмржкрзВрж░рзНржгред ржХрж┐ржирзНрждрзБ \r\nржкрзНрж░ржерж╛ржЧржд рж╢рж┐ржХрзНрж╖рж╛ ржмрзНржпржмрж╕рзНржерж╛ рждрж░рзБржгржжрзЗрж░ ржПржЗ ржзрж░ржирзЗрж░ ржжржХрзНрж╖рждрж╛ ржУ ржЬрзНржЮрж╛ржи рж╕рж░ржмрж░рж╛рж╣рзЗ ржЕржирзЗржХ \r\nрж╕ржорзЯржЗ ржмрзНржпрж░рзНрже рж╣рзЯред&lt;br&gt;\r\n&lt;br&gt;\r\nрждрж░рзБржгрж░рж╛ ржпржжрж┐ ржЫрзЛржЯ ржмрзЯрж╕ ржерзЗржХрзЗржЗ рж╕ржЪрзЗрждржи рж╣рзЯ ржПржмржВ рж╕ржорж╛ржзрж╛ржиржорзБржЦрзА ржЪрж┐ржирзНрждрж╛ржнрж╛ржмржирж╛рж░ рж╕рж╛ржерзЗ ржмрзЬ \r\nрж╣рзЯ, рждржмрзЗ рждрж╛рж░рж╛ ржнржмрж┐рж╖рзНржпрждрзЗ ржмрж┐рж╢рзНржм ржкрж░рж┐ржмрж░рзНрждржирзЗрж░ ржЧрзБрж░рзБрждрзНржмржкрзВрж░рзНржг ржЕржВрж╢ рж╣рзЯрзЗ ржЙржарждрзЗ ржкрж╛рж░рзЗред \r\nржЬрж┐рж░рзЛ ржЕрж▓рж┐ржорзНржкрж┐рзЯрж╛ржб ржПржоржи ржПржХржЯрж┐ ржоржЮрзНржЪ ржпрзЗржЦрж╛ржирзЗ ржПржЗ рж╢рж┐ржХрзНрж╖рж╛ ржПржмржВ ржкрзНрж░рзЗрж░ржгрж╛ ржжрзЗржУрзЯрж╛ рж╣рзЯред&lt;br&gt;\r\n&lt;br&gt;\r\nржЬрж┐рж░рзЛ ржЕрж▓рж┐ржорзНржкрж┐рзЯрж╛ржбрзЗрж░ рж▓ржХрзНрж╖рзНржп ржУ ржЙржжрзНржжрзЗрж╢рзНржп:&lt;br&gt;\r\n&lt;br&gt;\r\nрзз. ржЯрзЗржХрж╕ржЗ ржЙржирзНржирзЯржи рж▓ржХрзНрж╖рзНржпржорж╛рждрзНрж░рж╛рж░ ржкрзНрж░ржЪрж╛рж░: ржЬрж╛рждрж┐рж╕ржВржШрзЗрж░ SDG-ржПрж░ ржЧрзБрж░рзБрждрзНржм рж╕ржорзНржкрж░рзНржХрзЗ \r\nрждрж░рзБржгржжрзЗрж░ ржЕржмржЧржд ржХрж░рж╛ ржПржмржВ рждрж╛ржжрзЗрж░ ржирж┐ржЬрж╕рзНржм ржЙржжрзНржпрзЛржЧрзЗ ржПржЗ рж▓ржХрзНрж╖рзНржп ржЕрж░рзНржЬржирзЗрж░ ржкржерзЗ ржХрж╛ржЬ ржХрж░рждрзЗ\r\n ржЙржжрзНржмрзБржжрзНржз ржХрж░рж╛ред&lt;br&gt;\r\nрзи. ржирзЗрждрзГрждрзНржмрзЗрж░ ржмрж┐ржХрж╛рж╢: рждрж░рзБржгржжрзЗрж░ ржоржзрзНржпрзЗ ржирзЗрждрзГрждрзНржмрзЗрж░ ржЧрзБржгрж╛ржмрж▓рж┐ рждрзИрж░рж┐ ржХрж░рж╛, ржпрж╛ рждрж╛ржжрзЗрж░ ржнржмрж┐рж╖рзНржпрждрзЗрж░ рж╕ржорж╕рзНржпрж╛ржЧрзБрж▓рзЛ рж╕ржорж╛ржзрж╛ржирзЗ рж╕ржХрзНрж╖ржо ржХрж░рзЗ рждрзБрж▓ржмрзЗред&lt;br&gt;\r\nрзй. рж╕рж╛ржорж╛ржЬрж┐ржХ ржжрж╛ржпрж╝рж┐рждрзНржмржмрзЛржз ржмрзГржжрзНржзрж┐: рждрж░рзБржг ржкрзНрж░ржЬржирзНржорзЗрж░ ржоржзрзНржпрзЗ рж╕ржорж╛ржЬрзЗрж░ ржкрзНрж░рждрж┐ \r\nржжрж╛ржпрж╝рж┐рждрзНржмрж╢рзАрж▓рждрж╛ ржПржмржВ рж╕ржмрж╛рж░ ржЬржирзНржп ржПржХржЯрж┐ рж╕рзБржирзНржжрж░ ржкрзГржерж┐ржмрзА ржЧржбрж╝рж╛рж░ ржЗржЪрзНржЫрж╛ рж╕рзГрж╖рзНржЯрж┐ ржХрж░рж╛ред&lt;br&gt;\r\nрзк. рж╕ржорж╕рзНржпрж╛ рж╕ржорж╛ржзрж╛ржирзЗ ржжржХрзНрж╖рждрж╛ ржмрзГржжрзНржзрж┐: ржжрж▓ржЧржд ржХрж╛рж░рзНржпржХрзНрж░ржорзЗрж░ ржорж╛ржзрзНржпржорзЗ рж╕ржорж╕рзНржпрж╛ рж╕ржорж╛ржзрж╛ржирзЗрж░ ржжржХрзНрж╖рждрж╛ рж╢рзЗржЦрж╛ржирзЛред&lt;br&gt;\r\n&lt;br&gt;\r\nрззрзн ржЬржи ржлрж╛ржЗржирж╛рж▓рж┐рж╕рзНржЯ ржпрзЗрж╕ржХрж▓ ржкрзБрж░рж╖рзНржХрж╛рж░ ржкрж╛ржмрзЗржи:&lt;br&gt;\r\n&lt;br&gt;\r\nOverseas Universities ржЧрзБрж▓рзЛрждрзЗ ржнрж░рзНрждрж┐рж░ рж╕ржорзЯ SDG Fellowship ржПрж░ ржЬржирзНржп ржЖржмрзЗржжржирзЗрж░ ржХрзНрж╖рзЗрждрзНрж░рзЗ рж╕рж╛рж░рзНржмрж┐ржХ рж╕рж╣рж╛рзЯрждрж╛ред&lt;br&gt;\r\n&lt;br&gt;\r\nржкрзНрж░рждрж┐ржмржЫрж░ ржЬрж╛рждрж┐рж╕ржВржШрзЗ ржЕржирзБрж╖рзНржарж┐ржд SDG Summit ржП ржЕржВрж╢ ржЧрзНрж░рж╣ржгрзЗрж░ ржЬржирзНржп рж░рж┐ржХржорзЗржирзНржбрзЗрж╢ржиред&lt;br&gt;\r\n &lt;br&gt;\r\nржжрзЗрж╢ ржмрзНржпрж╛ржкрзА рж╕ржХрж▓ рж╢рж┐ржХрзНрж╖рж╛ ржкрзНрж░рждрж┐рж╖рзНржарж╛ржирзЗ ржЧржарж┐ржд Zero Olympiad ржХрзНрж▓рж╛ржмрзЗ ржмржЫрж░ржмрзНржпрж╛ржкрзА \r\nржкрж░рж┐ржЪрж╛рж▓рж┐ржд ржирж╛ржирж╛ржи ржХрж░рзНржоржХрж╛ржирзНржбрзЗрж░ ржорж╛ржзрзНржпржорзЗ ржирж┐рж░рзНржмрж╛ржЪрж┐рждржжрзЗрж░ National Zero Olympiad \r\nEnvoy рждрзЗ ржЕржирзНрждрж░рзНржнрзБржХрзНрждрж┐ред&lt;br&gt;\r\n&lt;br&gt;\r\nDaffodil International Professional Training Institute ржПрж░ рждрж░ржл ржерзЗржХрзЗ ржерж╛ржХржмрзЗ\r\n рзоржЯрж┐ ржоржбрж┐ржЙрж▓ ржУ рзирзкржЯрж┐ рж╕рзЗрж╢ржирзЗ рж╕рж╛ржЬрж╛ржирзЛ тАЬEmpowering Future Leaders: A \r\nComprehensive Program on Entrepreneurship, Sustainable Development, and \r\n21st-Century SkillsтАЭ рж╢рзАрж░рзНрж╖ржХ ржЕржирж▓рж╛ржЗржи ржХрзЛрж░рзНрж╕рзЗ ржПржирж░рзЛрж▓ ржХрж░рж╛рж░ ржЬржирзНржп ржлрзБрж▓ рж╕рзНржХрж▓рж╛рж░рж╢рж┐ржкред\r\n &lt;br&gt;\r\n&lt;br&gt;\r\nS@ifurтАЩs ржерзЗржХрзЗ рзирзнржЯрж┐ ржХрзНрж▓рж╛рж╢ ржУ рзйрзпржЯрж┐ рж▓рзЗрж╕ржирзЗ рж╕рж╛ржЬрж╛ржирзЛ ржЕржирж▓рж╛ржЗржи IELTS ржХрзЛрж░рзНрж╕рзЗ ржПржирж░рзЛрж▓ ржХрж░рж╛рж░ ржЬржирзНржп ржлрзБрж▓ рж╕рзНржХрж▓рж╛рж░рж╢рж┐ржкред &lt;br&gt;\r\n&lt;br&gt;\r\n10 Minute School ржерзЗржХрзЗ ржХрж╛рж╕рзНржЯржорж╛ржЗржЬржб ржХрзЛрж░рзНрж╕ рж╕рзНржХрж▓рж╛рж░рж╢рж┐ржкред&lt;br&gt;\r\n&lt;br&gt;\r\nMana Bay Water Park ржПрж░ рждрж░ржл ржерзЗржХрзЗ ржерж╛ржХржЫрзЗ 60,000 ржмрж░рзНржЧржлрзБржЯ ржЬрж╛рзЯржЧрж╛ ржЬрзБрзЬрзЗ рззрзнржЯрж┐ \r\nржерзНрж░рж┐рж▓рж┐ржВ рж░рж╛ржЗржб ржП Unlimited Aquatic Adventure ржЙржкржнрзЛржЧ ржХрж░рж╛рж░ ржЬржирзНржп Day Long \r\nPass.  &lt;br&gt;\r\n&lt;br&gt;\r\nAd Din Foundation ржПрж░ рждрж░ржл ржерзЗржХрзЗ ржерж╛ржХржЫрзЗ ржЬрж┐рж░рзЛ ржлрж┐ ржорзЗржбрж┐ржХрзНржпрж╛рж▓ ржнрж╛ржЙржЪрж╛рж░ред &lt;br&gt;\r\n&lt;br&gt;\r\nBangladesh Sports Development Foundation ржПрж░ рждрж░ржл ржерзЗржХрзЗ Professional Coach \r\nржПрж░ ржХрж╛ржЫрзЗ рждрзЛржорж╛рж░ ржкржЫржирзНржжрзЗрж░ Sports рж╢рзЗржЦрж╛рж░ ржЬржирзНржп ржерж╛ржХржЫрзЗ ржлрзБрж▓ рж╕рзНржХрж▓рж╛рж░рж╢рж┐ржкред&lt;br&gt;\r\n&lt;br&gt;\r\nржЬрж╛рждрж┐рж╕ржВржШрзЗрж░ рж╕рж╛рж░рзНржЯрж┐ржлрж┐ржХрзЗржЯ ржХрзЛрж░рзНрж╕: &lt;br&gt;\r\n&lt;br&gt;\r\nржпрж╛рж░рж╛ Zero Olympiad ржП рж░рзЗржЬрж┐рж╕рзНржЯрзНрж░рзЗрж╢ржи ржХрж░ржмрзЗ рждрж╛ржжрзЗрж░ржХрзЗ рж░рзЗржЬрж┐рж╕рзНржЯрзНрж░рзЗрж╢ржи ржХрж░рж╛рж░ рж╕рж╛ржерзЗ \r\nрж╕рж╛ржерзЗржЗ ржЗржорзЗржЗрж▓рзЗрж░ ржорж╛ржзрзНржпржорзЗ United Nations Institute for Training and Research\r\n (UNITAR) ржПржмржВ UN Climate Change Learning Partnership (UNCC ELearn) ржерзЗржХрзЗ \r\nржЬрж╛рждрж┐рж╕ржВржШ рж╕рзНржмрзАржХрзГржд ржПржХрж╛ржзрж┐ржХ ржХрзЛрж░рзНрж╕ ржХрж░рж╛рж░ рж▓рж┐ржВржХ ржкрж╛ржарж╛ржирзЛ рж╣ржмрзЗред &lt;br&gt;\r\n&lt;br&gt;\r\nржХрзЛрж░рзНрж╕ржЧрзБрж▓рзЛ ржЕржирж▓рж╛ржЗржирзЗ ржмрж┐ржирж╛ржорзБрж▓рзНржпрзЗ ржирж┐ржЬрзЗрж░ рж╕рзБржмрж┐ржзрж╛ржоржд рж╕ржорзЯрзЗ ржХрж░рж╛ ржпрж╛ржмрзЗред ржкрзНрж░рждрж┐ржЯрж╛ ржХрзЛрж░рзНрж╕\r\n рж╕ржорзНржкржирзНржи ржХрж░рж╛рж░ рж╕рж╛ржерзЗ рж╕рж╛ржерзЗ ржЬрж╛рждрж┐рж╕ржВржШрзЗрж░ ржПржЗ ржкрзНрж░рждрж┐рж╖рзНржарж╛ржи ржерзЗржХрзЗржЗ рж╕рж╛рж░рзНржЯрзАржлрж┐ржХрзЗржЯ ржкрзНрж░ржжрж╛ржи\r\n ржХрж░рж╛ рж╣ржмрзЗ ржЗржорзЗржЗрж▓рзЗрж░ ржорж╛ржзрзНржпржорзЗред&lt;br&gt;\r\n&lt;br&gt;\r\nржлрж╛рждрж┐рж╣рж╛ ржЖрзЯрж╛ржд рзирзжрзирзй рж╕рж╛рж▓рзЗ ржПржЗ ржХрзЛрж░рзНрж╕ ржХрж░рзЗржЫрж┐рж▓ ржпрж╛ рждрж╛ржХрзЗ ржЬрж╛рждрж┐рж╕ржВржШрзЗ ржмрж┐ржнрж┐ржирзНржи ржмрж┐рж╖рзЯрзЗ ржмржХрзНрждржмрзНржп рж░рж╛ржЦрж╛рж░ рж╕рзБржпрзЛржЧ ржкрзЗрждрзЗ ржжрж╛рж░рзБржг рж╕рж╛рж╣рж╛ржпрзНржп ржХрж░рзЗред &lt;br&gt;\r\n&lt;br&gt;\r\nржЖрж░рзЗржХржЯрж╛ ржЦрзБрж╢рзАрж░ ржЦржмрж░ рж╣рж▓, ржПржЗ ржХрзЛрж░рзНрж╕ ржерзЗржХрзЗржЗ ржерж╛ржХржмрзЗ рззрзж ржЬрж╛ржирзБрзЯрж╛рж░рж┐ ржЕржирзБрж╖рзНржарж┐рждржмрзНржп  Zero Olympiad ржПрж░ рззржо рж░рж╛ржЙржирзНржбрзЗрж░ рзирзжржЯрж┐ MCQ ржкрзНрж░рж╢рзНржиред&lt;br&gt;\r\n&lt;br&gt;\r\nржкрзНрж░ржлрзЗрж╢ржирж╛рж▓ рж▓рж╛ржЗржлрзЗ ржмрж╛рзЯрзЛржбрж╛ржЯрж╛/рж╕рж┐ржнрж┐/рж░рж┐ржЬрж┐ржЙржо/ржкрзНрж░рзЛржлрж╛ржЗрж▓/ржкрзЛрж░рзНржЯржлрж▓рж┐ржУрждрзЗ ржПржЗ ржХрзЛрж░рзНрж╕ \r\nрж╕ржорзНржкржирзНржи ржХрж░рж╛рж░ рждржерзНржп ржЙрж▓рзНрж▓рзЗржЦ ржХрж░рж▓рзЗ ржкрзНрж░рж╛ржкрзНржд рж╕рж╛рж░рзНржЯрж┐ржлрж┐ржХрзЗржЯ ржкрзНрж░рзЗржЬрзЗржирзНржЯ ржХрж░рж▓рзЗ \r\nржирж┐ржГрж╕ржирзНржжрзЗрж╣рзЗ рждрж╛ рждрзЛржорж╛ржХрзЗ ржЕржирзНржпржжрзЗрж░ ржерзЗржХрзЗ ржПржЧрж┐рзЯрзЗ рж░рж╛ржЦржмрзЗред &lt;br&gt;\r\n&lt;br&gt;\r\nржПржЫрж╛рзЬрж╛ржУ ржерж╛ржХржЫрзЗ тАУ &lt;br&gt;\r\n&lt;br&gt;\r\nтАв	ржХрзЗрж╕ рж╕рзНржЯрж╛ржбрж┐ ржкрзНрж░рждрж┐ржпрзЛржЧрж┐рждрж╛: ржпрзЗржЦрж╛ржирзЗ ржжрж▓ржЧрзБрж▓рзЛ ржмрж┐ржнрж┐ржирзНржи рж╕рж╛ржорж╛ржЬрж┐ржХ рж╕ржорж╕рзНржпрж╛рж░ рж╕ржорж╛ржзрж╛ржи ржЦрзБржБржЬрзЗ ржмрзЗрж░ ржХрж░ржмрзЗред&lt;br&gt;\r\nтАв	ржбрж┐ржмрзЗржЯ ржПржмржВ ржкрж╛ржмрж▓рж┐ржХ рж╕рзНржкрж┐ржХрж┐ржВ: ржЕржВрж╢ржЧрзНрж░рж╣ржгржХрж╛рж░рзАрж░рж╛ рждрж╛ржжрзЗрж░ ржзрж╛рж░ржгрж╛ржЧрзБрж▓рзЛ ржЙржкрж╕рзНржерж╛ржкржи ржХрж░ржмрзЗ ржПржмржВ ржирж┐ржЬрзЗржжрзЗрж░ ржпрзБржХрзНрждрж┐ рждрзБрж▓рзЗ ржзрж░ржмрзЗред&lt;br&gt;\r\nтАв	ржУрзЯрж╛рж░рзНржХрж╢ржк ржУ рж╕рзЗржорж┐ржирж╛рж░: ржжржХрзНрж╖рждрж╛ ржЙржирзНржирзЯржирзЗрж░ ржЬржирзНржп ржмрж┐рж╢рзЗрж╖ ржкрзНрж░рж╢рж┐ржХрзНрж╖ржг ржкрзНрж░рж╛ржкрзНржд рж╣ржмрзЗред&lt;br&gt;\r\nтАв	ржкрзНрж░ржХрж▓рзНржк ржмрж╛рж╕рзНрждржмрж╛рзЯржи: ржЕрж░рзНржерж╛рзЯржирзЗрж░ ржорж╛ржзрзНржпржорзЗ ржЕржВрж╢ржЧрзНрж░рж╣ржгржХрж╛рж░рзАржжрзЗрж░ ржЙржжрзНржнрж╛ржмржирзА ржзрж╛рж░ржгрж╛ржЧрзБрж▓рзЛ ржмрж╛рж╕рзНрждржмрж╛рзЯржирзЗрж░ рж╕рзБржпрзЛржЧ ржкрзНрж░ржжрж╛ржи ржХрж░рж╛ рж╣ржмрзЗред&lt;br&gt;\r\n&lt;br&gt;\r\nржкрзНрж░ржержо рж░рж╛ржЙржирзНржб | MCQ Contest:&lt;br&gt;\r\n&lt;br&gt;\r\nрзирзжрзирзл рж╕рж╛рж▓рзЗрж░ ржЬрж╛ржирзБрзЯрж╛рж░рж┐ ржорж╛рж╕рзЗ рждрзБржорж┐ ржХрзЛржи ржХрзНрж▓рж╛рж╕рзЗ ржкрзЬ рж╕рзЗржЗ ржЕржирзБржпрж╛рзЯрзА ржирж┐рж░рзНржзрж╛рж░рж┐ржд ржХрзНржпрж╛ржЯрж╛ржЧрж░рж┐рждрзЗ рж░рзЗржЬрж┐рж╕рзНржЯрзНрж░рзЗрж╢ржи ржХрж░ред &lt;br&gt;\r\n&lt;br&gt;\r\nрж░рзЗржЬрж┐рж╕рзНржЯрзНрж░рзЗрж╢ржирзЗрж░ ржкрж░рзЗ рждрзБржорж┐ ржпрзЗржЗ ржЗржорзЗржЗрж▓ ржкрзЗрзЯрзЗржЫ рж╕рзЗржЦрж╛ржирзЗ ржЬрж╛рждрж┐рж╕ржВржШ рж╕рзНржмрзАржХрзГржд ржпрзЗ ржХрзЛрж░рзНрж╕ \r\nржПрж░ рждрж╛рж▓рж┐ржХрж╛ ржжрзЗрзЯрж╛ ржЖржЫрзЗ рж╕рзЗржЦрж╛ржи ржерзЗржХрзЗржЗ ржкрзНрж░ржержо рж░рж╛ржЙржирзНржбрзЗрж░ MCQ ржкрж░рзАржХрзНрж╖рж╛ ржЕржирзБрж╖рзНржарж┐ржд рж╣ржмрзЗ \r\nрззрзж ржЬрж╛ржирзБрзЯрж╛рж░рзАред  &lt;br&gt;\r\n&lt;br&gt;\r\nржкрзНрж░ржержо рж░рж╛ржЙржгрзНржбрзЗрж░ MCQ ржерзЗржХрзЗ ржирж┐рж░рзНржмрж╛ржЪрж┐ржд ржмрж┐ржЬрзЯрзАржжрзЗрж░ ржжрзНржмрж┐рждрзАрзЯ рж░рж╛ржЙржирзНржбрзЗ ржЕржВрж╢ ржЧрзНрж░рж╣ржгрзЗрж░ ржЬржирзНржп ржЗржорзЗржЗрж▓ ржХрж░рж╛ рж╣ржмрзЗред &lt;br&gt;\r\n&lt;br&gt;\r\nрж░рзЗржЬрж┐рж╕рзНржЯрзНрж░рзЗрж╢ржи рж▓рж┐ржВржХ | Registration Link&lt;br&gt;\r\n &lt;br&gt;\r\n&lt;br&gt;\r\nржжрзНржмрж┐рждрзАрзЯ рж░рж╛ржЙржирзНржб | Three Minute Thrill:&lt;br&gt;\r\n&lt;br&gt;\r\nржкрзНрж░ржержо рж░рж╛ржЙржирзНржбрзЗрж░ MCQ ржкрж░рзАржХрзНрж╖рж╛рзЯ рж╕рж░рзНржмрзЛржЪрзНржЪ ржиржорзНржмрж░ ржкрзНрж░рж╛ржкрзНрждрж┐рж░ ржнрж┐рждрзНрждрж┐рждрзЗ ржжрзНржмрж┐рждрзАрзЯ рж░рж╛ржЙржирзНржбрзЗ ржЕржВрж╢ ржЧрзНрж░рж╣ржгрзЗрж░ ржЬржирзНржп ржЗржорзЗржЗрж▓ ржХрж░рж╛ рж╣ржмрзЗред&lt;br&gt;\r\n&lt;br&gt;\r\nржЗржорзЗржЗрж▓рзЗ ржЙрж▓рзНрж▓рзЗржЦрж┐ржд ржПрж╕ржбрж┐ржЬрж┐ рж╕ржВржХрзНрж░рж╛ржирзНржд ржмрж┐рж╖рзЯрзЗрж░ ржЙржкрж░ ржПржХржЯрж╛ рждрж┐ржи ржорж┐ржирж┐ржЯрзЗрж░ ржнрж┐ржбрж┐ржУ рждрзИрж░рж┐ \r\nржХрж░рзЗ ржирж┐ржЬрзЗрж░/ржкрж░рж┐ржмрж╛рж░рзЗрж░/ржмржирзНржзрзБрж░ рж╕рзЛрж╢рзНржпрж╛рж▓ ржорж┐ржбрж┐рзЯрж╛рзЯ #ZeroOlympiad рж╕рж╣ ржкрзЛрж╕рзНржЯ ржХрж░рждрзЗ \r\nрж╣ржмрзЗред &lt;br&gt;\r\n&lt;br&gt;\r\nрж╕рзЗржЗ ржкрзЛрж╕рзНржЯрзЗрж░ рж▓рж┐ржВржХ ржЖржорж╛ржжрзЗрж░ржХрзЗ ржкрж╛ржарж╛рждрзЗ рж╣ржмрзЗ ржирзАржЪрзЗрж░ ржлрж░рзНржорзЗред ржнрж┐ржбрж┐ржУрж░ рж▓рж┐ржВржХ ржЬржорж╛ ржжрзЗрзЯрж╛рж░ рж╢рзЗрж╖ рждрж╛рж░рж┐ржЦ рзйрзз ржЬрж╛ржирзБрзЯрж╛рж░рзА&lt;br&gt;\r\n&lt;br&gt;\r\nржврж╛ржХрж╛рзЯ ржЧрзНрж░рзНржпрж╛ржирзНржб ржлрж┐ржирж╛рж▓рзЗ ржЕржирзБрж╖рзНржарж╛ржирзЗ ржХрзЛржи рзлрзз ржЬржи: &lt;br&gt;\r\n&lt;br&gt;\r\nржжрзНржмрж┐рждрзАрзЯ рж░рж╛ржЙржирзНржбрзЗрж░ рждрж┐ржи ржорж┐ржирж┐ржЯрзЗрж░ ржнрж┐ржбрж┐ржУ ржжрзЗржЦрзЗ рж╕ржорзНржорж╛ржирж┐ржд ржЬрзБрж░рж┐ ржмрзЛрж░рзНржбрзЗрж░ \r\nрж╕рж┐ржжрзНржзрж╛ржирзНрждрзЗрж░ ржнрж┐рждрзНрждрж┐рждрзЗ ржкрзНрж░рждрж┐ржЯрж┐ ржПрж╕ржбрж┐ржЬрж┐тАЩрж░ ржЬржирзНржп рждрж┐ржиржЬржи ржХрж░рзЗ ржорзЛржЯ рзлрзз ржЬржиржХрзЗ ржврж╛ржХрж╛рзЯ \r\nржЧрзНрж░рзНржпрж╛ржирзНржб ржлрж┐ржирж╛рж▓рзЗ ржЕржирзБрж╖рзНржарж╛ржирзЗ ржЖржоржирзНрждрзНрж░ржг ржЬрж╛ржирж╛ржирзЛ рж╣ржмрзЗ ржжрзБржЗржЬржи ржлрзНрж░рзЗржирзНржбрж╕ ржмрж╛ \r\nржлрзНржпрж╛ржорж┐рж▓рж┐ рж╕рж╣ред ржПржЗ рзлрзз ржЬржи ржерзЗржХрзЗ рж╕рждрзЗрж░ ржЬржиржХрзЗ ржоржЮрзНржЪрзЗ ржбрж╛ржХрж╛ рж╣ржмрзЗ ржирж┐рж░рзНржзрж╛рж░рж┐ржд ржПрж╕ржбрж┐ржЬрж┐ \r\nржЕрж░рзНржЬржирзЗрж░ ржЬржирзНржп рж░рж┐рж▓рзЗржЯрзЗржб ржирзЗржЧрзЗржЯрж┐ржн ржЗрж╕рзНржпрзБржЯрж╛ рждрж╛рж░рж╛ ржХрзАржнрж╛ржмрзЗ Zero ржХрж░рждрзЗ ржЪрж╛рзЯ рж╕рзЗржЗ ржмрж┐рж╖рзЯрзЗ\r\n ржкрж╛ржУрзЯрж╛рж░ ржкрзЯрзЗржирзНржЯ ржкрзНрж░рзЗржЬрзЗржирзНржЯрзЗрж╢ржи ржжрзЗрзЯрж╛рж░ ржЬржирзНржпред &lt;br&gt;\r\n&lt;br&gt;\r\nSDG Defender, SDG Leader, SDG Pioneer Award:&lt;br&gt;\r\n&lt;br&gt;\r\nржкржЮрзНржЪржо рж╢рзНрж░рзЗржгрзА/Grade 5/PYP 5/рждрж╛ржЗрж╕рж┐рж░/рж╕ржоржорж╛ржи ржерзЗржХрзЗ ржЕрж╖рзНржЯржо рж╢рзНрж░рзЗржгрзА/Grade 8/MYP \r\n3/рж╣рзЗржжрж╛ржпрж╝рзЗрждрзБржирзНржирж╛рж╣рзБ ржкрж░рзНржпржирзНржд ржпрж╛рж░рж╛ ржЕржВрж╢ ржирж┐ржмрзЗ рждрж╛ржжрзЗрж░ржХрзЗ SDG Activist ржмрж▓рж╛ рж╣ржмрзЗред \r\nржкрзНрж░ржержо ржУ ржжрзНржмрж┐рждрзАрзЯ рж░рж╛ржЙржирзНржбрзЗ ржмрж┐ржЬрзЯрзА рж╣рзЯрзЗ ржЧрзНрж░рзНржпрж╛ржирзНржб ржлрж┐ржирж╛рж▓рзЗ ржЕржирзБрж╖рзНржарж╛ржирзЗ ржЬрзБрж░рж┐ \r\nржмрзЛрж░рзНржбрзЗрж░ рж╕рж╛ржоржирзЗ ржЪрж╛рж░ржЯрж┐ ржХрзНрж▓рж╛рж╢ (ржкржЮрзНржЪржо, рж╖рж╖рзНржа, рж╕ржкрзНрждржо ржУ ржЕрж╖рзНржЯржо) ржерзЗржХрзЗ ржЪрж╛рж░ржЬржи SDG \r\nActivist ржкрзНрж░рзЗржЬрзЗржирзНржЯрзЗрж╢ржи ржжрзЗржмрзЗржиред рж╕рж░рзНржмрзЛржЪрзНржЪ ржиржорзНржмрж░ ржкрзНрж░рж╛ржкрзНржд ржХрзЗ SDG Defender \r\nржЕрзНржпрж╛ржУрзЯрж╛рж░рзНржб ржжрзЗрзЯрж╛ рж╣ржмрзЗред&lt;br&gt;\r\n&lt;br&gt;\r\nржиржмржо рж╢рзНрж░рзЗржгрзА/Grade 9/MYP 4/ржХрж╛ржлрж┐ржпрж╝рж╛ ржУ ржмрзЗржХрж╛рзЯрж╛/рж╕ржоржорж╛ржи ржерзЗржХрзЗ ржПржЗржЪржПрж╕рж╕рж┐ \r\nржкрж░рж┐ржХрзНрж╖рж╛рж░рзНржерзА/A Level Candidate/ржЬрж╛рж▓рж╛рж▓рж╛ржЗржи/рж╕ржоржорж╛ржи ржкрж░рзНржпржирзНржд ржпрж╛рж░рж╛ ржЕржВрж╢ ржирж┐ржмрзЗ \r\nрждрж╛ржжрзЗрж░ржХрзЗ SDG Ambassador ржмрж▓рж╛ рж╣ржмрзЗред ржиржмржо, ржжрж╢ржо, ржПрж╕ржПрж╕рж╕рж┐ ржкрж░рж┐ржХрзНрж╖рж╛рж░рзНржерзА, ржПржХрж╛ржжрж╢, \r\nржжрзНржмрж╛ржжрж╢, ржПржЗржЪржПрж╕рж╕рж┐ ржкрж░рж┐ржХрзНрж╖рж╛рж░рзНржерзА тАУ ржПржЗ ржЫрзЯржЯрж┐ ржХрзНрж▓рж╛рж╕рзЗрж░ ржЫрзЯржЬржи SDG Ambassador \r\nржЧрзНрж░рзНржпрж╛ржирзНржб ржлрж┐ржирж╛рж▓рзЗ ржЕржирзБрж╖рзНржарж╛ржирзЗ ржЬрзБрж░рж┐ ржмрзЛрж░рзНржбрзЗрж░ рж╕рж╛ржоржирзЗ ржкрзНрж░рзЗржЬрзЗржирзНржЯрзЗрж╢ржи ржжрзЗржмрзЗржиред \r\nрж╕рж░рзНржмрзЛржЪрзНржЪ ржиржорзНржмрж░ ржкрзНрж░рж╛ржкрзНржд ржХрзЗ SDG Leader ржЕрзНржпрж╛ржУрзЯрж╛рж░рзНржб ржжрзЗрзЯрж╛ рж╣ржмрзЗред&lt;br&gt;\r\n&lt;br&gt;\r\nрззржо ржмрж░рзНрж╖/ржлрж╛ржЬрж┐рж▓/ржорзЗрж╢ржХрж╛ржд ржерзЗржХрзЗ рж╕рзНржирж╛рждржХрзЛрждрзНрждрж░/ржХрж╛ржорж┐рж▓/ржжрж╛ржУрж░рж╛ ржкрж░рзНржпржирзНржд ржбрж┐ржЧрзНрж░рж┐ ржкрж╛рж╕, \r\nрж╕рзНржирж╛рждржХ, рж╕ржорзНржорж╛ржи, рж╕рзНржирж╛рждржХрзЛрждрзНрждрж░, ржорзЗржбрж┐ржХрзНржпрж╛рж▓, ржЗржЮрзНржЬрж┐ржирж┐рзЯрж╛рж░рж┐ржВ, ржорзЗрж░рж┐ржи, ржорзЗрж░рж┐ржи \r\nржлрж┐рж╢рж╛рж░рж┐ржЬ, ржбрж┐ржкрзНрж▓рзЛржорж╛, ржХрж╛ржУржорж┐ ржУ ржЖрж▓рж┐рзЯрж╛ ржорж╛ржжрзНрж░рж╛рж╕рж╛рж░ рж╕рж╛рждржЬржи SDG Achiever ржЧрзНрж░рзНржпрж╛ржирзНржб \r\nржлрж┐ржирж╛рж▓рзЗ ржЕржирзБрж╖рзНржарж╛ржирзЗ ржЬрзБрж░рж┐ ржмрзЛрж░рзНржбрзЗрж░ рж╕рж╛ржоржирзЗ ржкрзНрж░рзЗржЬрзЗржирзНржЯрзЗрж╢ржи ржжрзЗржмрзЗржиред рж╕рж░рзНржмрзЛржЪрзНржЪ ржиржорзНржмрж░ \r\nржкрзНрж░рж╛ржкрзНржд ржХрзЗ SDG Pioneer ржЕрзНржпрж╛ржУрзЯрж╛рж░рзНржб ржжрзЗрзЯрж╛ рж╣ржмрзЗред&lt;br&gt;\r\n&lt;br&gt;\r\nржЯрж╛ржЗржорж▓рж╛ржЗржи&lt;br&gt;\r\n&lt;br&gt;\r\nтАв	рж░рзЗржЬрж┐рж╕рзНржЯрзНрж░рзЗрж╢ржи ржЪрж▓ржмрзЗ рзм ржЬрж╛ржирзБрзЯрж╛рж░рж┐ ржкрж░рзНржпржирзНржд&lt;br&gt;\r\n&lt;br&gt;\r\nтАв	ржкрзНрж░ржержо рж░рж╛ржЙржирзНржбрзЗрж░ MCQ ржкрж░рзАржХрзНрж╖рж╛ ржЕржирзБрж╖рзНржарж┐ржд рж╣ржмрзЗ рззрзж ржЬрж╛ржирзБрзЯрж╛рж░рзА&lt;br&gt;\r\n&lt;br&gt;\r\nтАв	ржжрзНржмрж┐рждрзАрзЯ рж░рж╛ржЙржирзНржбрзЗрж░ ржЬржирзНржп рж╕рзЛрж╢рзНржпрж╛рж▓ ржорж┐ржбрж┐рзЯрж╛рзЯ ржЖржкрж▓рзЛржб ржХрж░рж╛ ржнрж┐ржбрж┐ржУрж░ рж▓рж┐ржВржХ ржЬржорж╛ ржжрзЗрзЯрж╛рж░ рж╢рзЗрж╖ рждрж╛рж░рж┐ржЦ рзйрзз ржЬрж╛ржирзБрзЯрж╛рж░рзА&lt;br&gt;\r\n&lt;br&gt;\r\nтАв	ржврж╛ржХрж╛рзЯ ржЧрзНрж░рзНржпрж╛ржирзНржб ржлрж┐ржирж╛рж▓рзЗ ржЕржирзБрж╖рзНржарж┐ржд рж╣ржмрзЗ рзо ржлрзЗржмрзНрж░рзБрзЯрж╛рж░рж┐ &lt;br&gt;\r\n&lt;br&gt;\r\nржлрж╛рждрж┐рж╣рж╛ ржЖрзЯрж╛ржд ржПржмржВ ржЬрж┐рж░рзЛ ржЕрж▓рж┐ржорзНржкрж┐рзЯрж╛ржб&lt;br&gt;\r\n&lt;br&gt;\r\nрззрзй ржмржЫрж░ ржмрзЯрж╕рзА ржлрж╛рждрж┐рж╣рж╛ ржЖрзЯрж╛рждрзЗрж░ рж╕рзНржмржкрзНржи ржПржмржВ ржирзЗрждрзГрждрзНржмрзЗржЗ ржЬрж┐рж░рзЛ ржЕрж▓рж┐ржорзНржкрж┐рзЯрж╛ржбрзЗрж░ рж╕рзВржЪржирж╛ред \r\nрждрж┐ржирж┐ ржХрзЗржмрж▓ ржПржХржЬржи ржЖржирзНрждрж░рзНржЬрж╛рждрж┐ржХ ржмрзНржпржХрзНрждрж┐рждрзНржм ржиржи, ржмрж░ржВ рж╢рж┐рж╢рзБ ржЕржзрж┐ржХрж╛рж░, ржЬрж▓ржмрж╛рзЯрзБ \r\nржкрж░рж┐ржмрж░рзНрждржи, ржПржмржВ ржЯрзЗржХрж╕ржЗ ржЙржирзНржирзЯржирзЗрж░ ржПржХржЬржи рж╕ржХрзНрж░рж┐рзЯ ржХрж░рзНржорзАред рждрж┐ржирж┐ ржЬрж╛рждрж┐рж╕ржВржШ ржПржмржВ ржмрж┐ржнрж┐ржирзНржи\r\n ржЖржирзНрждрж░рзНржЬрж╛рждрж┐ржХ ржкрзНрж▓рзНржпрж╛ржЯржлрж░рзНржорзЗ рждрж╛рж░ ржжрзГрж╖рзНржЯрж┐ржнржЩрзНржЧрж┐ ржЙржкрж╕рзНржерж╛ржкржи ржХрж░рзЗржЫрзЗржиред рждрж╛рж░ рж▓ржХрзНрж╖рзНржп \r\nрждрж░рзБржг ржкрзНрж░ржЬржирзНржоржХрзЗ ржПржоржиржнрж╛ржмрзЗ ржкрзНрж░рж╕рзНрждрзБржд ржХрж░рж╛, ржпрж╛рждрзЗ рждрж╛рж░рж╛ ржнржмрж┐рж╖рзНржпрждрзЗ ржмрж┐рж╢рзНржмрзЗ ржЗрждрж┐ржмрж╛ржЪржХ \r\nржкрж░рж┐ржмрж░рзНрждржи ржЖржирждрзЗ ржкрж╛рж░рзЗред ржлрж╛рждрж┐рж╣рж╛ ржмрж┐рж╢рзНржмрж╛рж╕ ржХрж░рзЗржи, &quot;ржпржжрж┐ рждрж░рзБржгрж░рж╛ рждрж╛ржжрзЗрж░ ржХрзНрж╖ржорждрж╛рж░ \r\nрж╕рж░рзНржмрзЛржЪрзНржЪ ржмрзНржпржмрж╣рж╛рж░ ржХрж░рзЗ ржХрж╛ржЬ ржХрж░рзЗ, рждржмрзЗ рждрж╛рж░рж╛ ржкрзГржерж┐ржмрзАржХрзЗ рж╢рзВржирзНржп рж╕ржорж╕рзНржпрж╛рж░ ржкрзГржерж┐ржмрзАрждрзЗ \r\nрж░рзВржкрж╛ржирзНрждрж░ ржХрж░рждрзЗ ржкрж╛рж░ржмрзЗред&quot;&lt;br&gt;\r\n&lt;br&gt;\r\nржЙржкрж╕ржВрж╣рж╛рж░&lt;br&gt;\r\n&lt;br&gt;\r\nржЬрж┐рж░рзЛ ржЕрж▓рж┐ржорзНржкрж┐рзЯрж╛ржб ржХрзЗржмрж▓ ржПржХржЯрж┐ ржкрзНрж░рждрж┐ржпрзЛржЧрж┐рждрж╛ ржирзЯ, ржПржЯрж┐ ржПржХржЯрж┐ ржЖржирзНржжрзЛрж▓ржиред ржПржЯрж┐ рждрж░рзБржг \r\nржкрзНрж░ржЬржирзНржоржХрзЗ ржирждрзБржи ржкрже ржжрзЗржЦрж╛рзЯ ржПржмржВ рждрж╛ржжрзЗрж░ ржоржзрзНржпрзЗ ржПржоржи ржПржХржЯрж┐ ржмрж┐рж╢рзНржмрж╛рж╕ рж╕рзГрж╖рзНржЯрж┐ ржХрж░рзЗ ржпрзЗ, \r\nрждрж╛рж░рж╛ ржЪрж╛ржЗрж▓рзЗржЗ ржкрзГржерж┐ржмрзАрж░ рж╕ржорж╕рзНржпрж╛ рж╕ржорж╛ржзрж╛ржирзЗ ржнрзВржорж┐ржХрж╛ рж░рж╛ржЦрждрзЗ ржкрж╛рж░рзЗред&lt;br&gt;\r\n&lt;br&gt;\r\nржлрж╛рждрж┐рж╣рж╛ ржЖрзЯрж╛рждрзЗрж░ ржПржЗ ржЙржжрзНржпрзЛржЧ ржкрзНрж░ржорж╛ржг ржХрж░рзЗ ржпрзЗ, рждрж░рзБржгржжрзЗрж░ ржХрзНрж╖ржорждрж╛ ржПржмржВ рж╕ржарж┐ржХ \r\nржжрж┐ржХржирж┐рж░рзНржжрзЗрж╢ржирж╛ ржкрзГржерж┐ржмрзАржХрзЗ ржПржХржЯрж┐ рж╕рзБржирзНржжрж░, ржЯрзЗржХрж╕ржЗ ржПржмржВ рж╢рзВржирзНржп рж╕ржорж╕рзНржпрж╛рж░ ржкрзГржерж┐ржмрзАрждрзЗ \r\nрж░рзВржкрж╛ржирзНрждрж░ ржХрж░рждрзЗ ржкрж╛рж░рзЗред ржЬрж┐рж░рзЛ ржЕрж▓рж┐ржорзНржкрж┐рзЯрж╛ржбрзЗрж░ ржорж╛ржзрзНржпржорзЗ ржлрж╛рждрж┐рж╣рж╛ ржХрзЗржмрж▓ ржнржмрж┐рж╖рзНржпрзО \r\nржирзЗрждрзГрждрзНржм рждрзИрж░рж┐ ржХрж░ржЫрзЗржи ржирж╛, ржмрж░ржВ ржЖржорж╛ржжрзЗрж░ ржкрзНрж░ржЬржирзНржорзЗрж░ ржЬржирзНржп ржПржХржЯрж┐ ржирждрзБржи ржжрзГрж╖рзНржЯрж╛ржирзНржд \r\nрж╕рзНржерж╛ржкржи ржХрж░ржЫрзЗржиред						&lt;/div&gt;\r\n\r\n						&lt;p&gt;\r\n												&lt;/p&gt;\r\n													\r\n								&lt;p&gt;&lt;/p&gt;', '2025-02-20 10:30:00', NULL, 0, 0, 0, 1, 16, '2025-01-29 20:35:13', '2025-01-29 20:35:20');

-- --------------------------------------------------------

--
-- Table structure for table `files`
--

CREATE TABLE `files` (
  `file_id` bigint UNSIGNED NOT NULL,
  `operation_name` varchar(50) CHARACTER SET utf8mb4 COLLATE utf8mb4_unicode_ci NOT NULL,
  `table_id` bigint UNSIGNED NOT NULL COMMENT 'id of operations table',
  `filepath` varchar(150) CHARACTER SET utf8mb4 COLLATE utf8mb4_unicode_ci NOT NULL,
  `filename` varchar(100) CHARACTER SET utf8mb4 COLLATE utf8mb4_unicode_ci NOT NULL,
  `fileinfo` varchar(255) CHARACTER SET utf8mb4 COLLATE utf8mb4_unicode_ci DEFAULT NULL,
  `created_by` bigint UNSIGNED NOT NULL,
  `deleted_by` bigint UNSIGNED DEFAULT NULL,
  `created_at` timestamp NULL DEFAULT NULL,
  `deleted_at` timestamp NULL DEFAULT NULL
) ENGINE=InnoDB DEFAULT CHARSET=utf8mb4 COLLATE=utf8mb4_unicode_ci;

--
-- Dumping data for table `files`
--

INSERT INTO `files` (`file_id`, `operation_name`, `table_id`, `filepath`, `filename`, `fileinfo`, `created_by`, `deleted_by`, `created_at`, `deleted_at`) VALUES
(7, 'users', 1, 'users', '1_1737907625.jpg', 'profile_picture', 1, NULL, '2025-01-26 10:07:05', NULL),
(12, 'events', 1, 'events', '1_1738203299.jpg', 'banner_image', 12, NULL, '2025-01-29 20:14:59', NULL),
(13, 'events', 2, 'events', '2_1738203604.jpg', 'banner_image', 13, NULL, '2025-01-29 20:20:04', NULL),
(14, 'users', 14, 'users', '14_1738203876.jpg', 'profile_picture', 14, NULL, '2025-01-29 20:24:36', NULL),
(15, 'events', 3, 'events', '3_1738204077.jpg', 'banner_image', 14, NULL, '2025-01-29 20:27:57', NULL),
(16, 'events', 4, 'events', '4_1738204319.jpg', 'banner_image', 15, NULL, '2025-01-29 20:31:59', NULL),
(17, 'events', 5, 'events', '5_1738204513.jpg', 'banner_image', 16, NULL, '2025-01-29 20:35:13', NULL);

-- --------------------------------------------------------

--
-- Table structure for table `host_details`
--

CREATE TABLE `host_details` (
  `id` bigint UNSIGNED NOT NULL,
  `user_id` bigint UNSIGNED NOT NULL,
  `description` text COLLATE utf8mb4_general_ci NOT NULL,
  `location` varchar(255) COLLATE utf8mb4_general_ci NOT NULL
) ENGINE=InnoDB DEFAULT CHARSET=utf8mb4 COLLATE=utf8mb4_general_ci;

--
-- Dumping data for table `host_details`
--

INSERT INTO `host_details` (`id`, `user_id`, `description`, `location`) VALUES
(1, 14, '&lt;p&gt;BYLC \r\nis a registered non-profit and non-partisan youth leadership training \r\ninstitute in Bangladesh. For details, visit http://www.bylc.org/&lt;/p&gt;&lt;div class=&quot;mt10&quot; style=&quot;overflow-wrap:break-word&quot;&gt;&lt;span style=&quot;font-weight: 600;&quot;&gt;Website Link:&lt;/span&gt; http://www.bylc.org&lt;/div&gt;', 'http://www.bylc.org');

-- --------------------------------------------------------

--
-- Table structure for table `users`
--

CREATE TABLE `users` (
  `user_id` bigint UNSIGNED NOT NULL,
  `name` varchar(255) CHARACTER SET utf8mb4 COLLATE utf8mb4_unicode_ci NOT NULL,
  `email` varchar(255) CHARACTER SET utf8mb4 COLLATE utf8mb4_unicode_ci NOT NULL,
  `mobile` varchar(15) CHARACTER SET utf8mb4 COLLATE utf8mb4_unicode_ci DEFAULT NULL,
  `email_verified_at` timestamp NULL DEFAULT NULL,
  `status` tinyint NOT NULL DEFAULT '0' COMMENT '0=>inactive, 1=>active',
  `type` tinyint NOT NULL DEFAULT '3' COMMENT '1=>superuser, 2=>host, 3=>general_user',
  `password` varchar(255) CHARACTER SET utf8mb4 COLLATE utf8mb4_unicode_ci NOT NULL,
  `created_by` bigint NOT NULL DEFAULT '0',
  `updated_by` bigint NOT NULL DEFAULT '0',
  `created_at` timestamp NULL DEFAULT NULL,
  `updated_at` timestamp NULL DEFAULT NULL
) ENGINE=InnoDB DEFAULT CHARSET=utf8mb4 COLLATE=utf8mb4_unicode_ci;

--
-- Dumping data for table `users`
--

INSERT INTO `users` (`user_id`, `name`, `email`, `mobile`, `email_verified_at`, `status`, `type`, `password`, `created_by`, `updated_by`, `created_at`, `updated_at`) VALUES
(1, 'Naymur Rahman', 'superuser@example.com', '01725010101', NULL, 1, 1, '$2y$10$.HRiuajTuUBzB6QcgjoXcu0jMasD5XZZSymxn0jZkNZ12rdI0qVva', 0, 1, '2025-01-23 01:51:37', '2025-01-26 12:46:40'),
(3, 'Md. Kamrul Hasan', 'kamrul@gmail.com', '01723010101', NULL, 0, 2, '$2y$10$qQji/ujnkB6upiQXyENnR.UHy.XkqIx1YGiSpDbCv/F0616FvnLiG', 0, 1, '2025-01-24 09:27:53', '2025-01-26 12:03:58'),
(4, 'Abdur Rahman', 'abdrahman@gmail.com', '01727010101', NULL, 1, 3, '$2y$10$6ZHQFuUJDRq5mdYCmsJ5lu/cli9URQ7fG4aH5mto3HEjmmeeIOPuC', 1, 1, '2025-01-25 05:35:22', '2025-01-25 08:35:39'),
(12, 'GYCM - Global Youth Change Maker', 'admin@gycm.com', '', NULL, 1, 2, '$2y$10$I4WSau95kQMVYC1Bb3HHq.EUZnkLndXUAhKh7UZy0U7MP2cLSYm9C', 0, 0, '2025-01-29 20:07:38', '2025-01-29 20:07:38'),
(13, 'LimeLight Sports', 'admin@limelight.com', '', NULL, 1, 2, '$2y$10$kppvtTdntOu3NhHCJVpcje5qA/N2q8EFGggXUvKkL39ogBNX.tCT2', 0, 0, '2025-01-29 20:16:59', '2025-01-29 20:16:59'),
(14, 'Bangladesh Youth Leadership Center (BYLC)', 'admin@bylc.com', '', NULL, 1, 2, '$2y$10$6pi3sPVFhwsnohqUxGK5N.Guxv5.F3SBDHNLdo.1hRSTboDwXlxOS', 0, 14, '2025-01-29 20:23:54', '2025-01-29 20:25:21'),
(15, 'Dhaka International Marathon', 'admin@dim.com', '', NULL, 1, 2, '$2y$10$kg4G5eeNEsLzVB6/Jn1lUudirDmxtY3TUQnWaUIW1EGaLNH.WUO76', 0, 0, '2025-01-29 20:29:18', '2025-01-29 20:29:18'),
(16, 'Zero Olympiad', 'admin@zo.com', '', NULL, 1, 2, '$2y$10$/jXqGv0iY/G.Obz57KTEMuVkNVpxAkVegRcIkWttZR990NIME7i0q', 0, 0, '2025-01-29 20:33:04', '2025-01-29 20:33:04');

--
-- Indexes for dumped tables
--

--
-- Indexes for table `attendees`
--
ALTER TABLE `attendees`
  ADD PRIMARY KEY (`attendee_id`),
  ADD KEY `attendees_user_id_foreign` (`user_id`),
  ADD KEY `attendees_event_id_foreign` (`event_id`);

--
-- Indexes for table `events`
--
ALTER TABLE `events`
  ADD PRIMARY KEY (`event_id`),
  ADD KEY `events_user_id_foreign` (`user_id`);

--
-- Indexes for table `files`
--
ALTER TABLE `files`
  ADD PRIMARY KEY (`file_id`),
  ADD KEY `files_created_by_foreign` (`created_by`),
  ADD KEY `files_deleted_by_foreign` (`deleted_by`);

--
-- Indexes for table `host_details`
--
ALTER TABLE `host_details`
  ADD PRIMARY KEY (`id`),
  ADD UNIQUE KEY `user_id` (`user_id`);

--
-- Indexes for table `users`
--
ALTER TABLE `users`
  ADD PRIMARY KEY (`user_id`),
  ADD UNIQUE KEY `users_email_unique` (`email`);

--
-- AUTO_INCREMENT for dumped tables
--

--
-- AUTO_INCREMENT for table `attendees`
--
ALTER TABLE `attendees`
  MODIFY `attendee_id` bigint UNSIGNED NOT NULL AUTO_INCREMENT, AUTO_INCREMENT=12;

--
-- AUTO_INCREMENT for table `events`
--
ALTER TABLE `events`
  MODIFY `event_id` bigint UNSIGNED NOT NULL AUTO_INCREMENT, AUTO_INCREMENT=6;

--
-- AUTO_INCREMENT for table `files`
--
ALTER TABLE `files`
  MODIFY `file_id` bigint UNSIGNED NOT NULL AUTO_INCREMENT, AUTO_INCREMENT=18;

--
-- AUTO_INCREMENT for table `host_details`
--
ALTER TABLE `host_details`
  MODIFY `id` bigint UNSIGNED NOT NULL AUTO_INCREMENT, AUTO_INCREMENT=2;

--
-- AUTO_INCREMENT for table `users`
--
ALTER TABLE `users`
  MODIFY `user_id` bigint UNSIGNED NOT NULL AUTO_INCREMENT, AUTO_INCREMENT=17;

--
-- Constraints for dumped tables
--

--
-- Constraints for table `attendees`
--
ALTER TABLE `attendees`
  ADD CONSTRAINT `attendees_event_id_foreign` FOREIGN KEY (`event_id`) REFERENCES `events` (`event_id`) ON DELETE CASCADE,
  ADD CONSTRAINT `attendees_user_id_foreign` FOREIGN KEY (`user_id`) REFERENCES `users` (`user_id`) ON DELETE CASCADE;

--
-- Constraints for table `events`
--
ALTER TABLE `events`
  ADD CONSTRAINT `events_user_id_foreign` FOREIGN KEY (`user_id`) REFERENCES `users` (`user_id`) ON DELETE CASCADE;

--
-- Constraints for table `files`
--
ALTER TABLE `files`
  ADD CONSTRAINT `files_created_by_foreign` FOREIGN KEY (`created_by`) REFERENCES `users` (`user_id`) ON DELETE CASCADE,
  ADD CONSTRAINT `files_deleted_by_foreign` FOREIGN KEY (`deleted_by`) REFERENCES `users` (`user_id`) ON DELETE CASCADE;

--
-- Constraints for table `host_details`
--
ALTER TABLE `host_details`
  ADD CONSTRAINT `host_details_user_id_foreign` FOREIGN KEY (`user_id`) REFERENCES `users` (`user_id`) ON DELETE CASCADE;
COMMIT;

/*!40101 SET CHARACTER_SET_CLIENT=@OLD_CHARACTER_SET_CLIENT */;
/*!40101 SET CHARACTER_SET_RESULTS=@OLD_CHARACTER_SET_RESULTS */;
/*!40101 SET COLLATION_CONNECTION=@OLD_COLLATION_CONNECTION */;
